{
	"description": "项目配置文件。",
	"setting": {
		"urlCheck": false,
		"es6": true,
		"postcss": true,
		"minified": true,
		"newFeature": true
	},
	"compileType": "miniprogram",
	"libVersion": "1.6.0",
	"appid": "wx42ff28f8af353f56",
	"projectname": "%E8%AF%9A%E7%AB%8B%E9%AB%98%E6%9C%8D",
	"condition": {
		"search": {
			"current": -1,
			"list": []
		},
		"conversation": {
			"current": -1,
			"list": []
		},
		"plugin": {
			"current": -1,
			"list": []
		},
		"game": {
			"current": -1,
			"list": []
		},
		"miniprogram": {
			"current": 6,
			"list": [
				{
					"id": -1,
					"name": "工程师注册",
					"pathName": "pages/engineerRegister/engineerRegister",
					"query": ""
				},
				{
					"id": 1,
					"name": "扫码评价",
					"pathName": "pages/evaluate/evaluate",
					"query": "scene=1"
				},
				{
					"id": -1,
					"name": "预定",
					"pathName": "pages/order/order",
					"query": ""
				},
				{
					"id": 3,
					"name": "订单确认",
					"pathName": "pages/payInfo/payInfo",
					"query": ""
				},
				{
					"id": -1,
					"name": "shigong",
					"pathName": "pages/order/order",
					"query": ""
				},
				{
					"id": -1,
					"name": "优惠券",
					"pathName": "pages/coupon/coupon",
					"query": ""
				},
				{
					"id": -1,
					"name": "车辆列表",
					"pathName": "pages/car/car"
				}
			]
		}
	}
}